Component,Description,Part,References,Value,Footprint,Quantity Per PCB,Datasheet,Model,Arrow Part Number,Arrow Price/Stock,Height,Manufacturer_Name,Manufacturer_Part_Number,Mouser Part Number,Mouser Price/Stock,automotive,category,contact material,current rating,device class L1,device class L2,device class L3,digikey description,digikey part number,footprint url,height,is connector,is female,is male,lead free,library id,manufacturer,mouser description,mouser part number,number of contacts,number of rows,package,pitch,rohs,standoff height,temperature range high,temperature range low,voltage rating,Channel Polarity,Ciss Typ pF,Component Link 1 Description,Component Link 1 URL,Component Link 3 Description,Component Link 3 URL,Configuration,Coss Typ pF,Crss Typ pF,Datasheet Version,Mounting Technology,PD Max W,Package Description,Package Type,Package Version,Packing,Qrr Typ nC,VBRDSS Min V,VGSth Max V,ciiva ids,imported,release date,vault revision,automotive grade,continuous drain current,depletion mode,drain to source breakdown voltage,drain to source resistance,drain to source voltage,gate charge at vgs,gate to source voltage,input capacitace at vds,max forward diode voltage,max junction temp,number of N channels,number of channels,power dissipation,pulse drain current,reverse recovery charge,reverse recovery time,rthja max,threshold vgs max,threshold vgs min,transconductance,turn off delay time,turn on delay time,typ forward diode voltage
1,Unpolarized capacitor,C,C36 C37,10pF,C_0805_2012Metric_Pad1.18x1.45mm_HandSolder,2,~,C0805C100J5GACTU,,,,,,,,,,,,,,,,,,,,,,,,,,,,,,,,,,,,,,,,,,,,,,,,,,,,,,,,,,,,,,,,,,,,,,,,,,,,,,,,,,
2,Unpolarized capacitor,C,C14 C69 C70 C81 C82 C83,130pF,C_0805_2012Metric_Pad1.18x1.45mm_HandSolder,6,~,08055A131JAT2A,,,,,,,,,,,,,,,,,,,,,,,,,,,,,,,,,,,,,,,,,,,,,,,,,,,,,,,,,,,,,,,,,,,,,,,,,,,,,,,,,,
3,Unpolarized capacitor,C,C25,330pF,C_0805_2012Metric_Pad1.18x1.45mm_HandSolder,1,~,C0805C331J5GACTU,,,,,,,,,,,,,,,,,,,,,,,,,,,,,,,,,,,,,,,,,,,,,,,,,,,,,,,,,,,,,,,,,,,,,,,,,,,,,,,,,,
4,Unpolarized capacitor,C,C1 C43 C54 C64,1nF,C_0805_2012Metric_Pad1.18x1.45mm_HandSolder,4,~,C0805C102K4RACTU,,,,,,,,,,,,,,,,,,,,,,,,,,,,,,,,,,,,,,,,,,,,,,,,,,,,,,,,,,,,,,,,,,,,,,,,,,,,,,,,,,
5,Unpolarized capacitor,C,C26,1.5nF,C_0805_2012Metric_Pad1.18x1.45mm_HandSolder,1,~,CC0805KRX7R9BB152,,,,,,,,,,,,,,,,,,,,,,,,,,,,,,,,,,,,,,,,,,,,,,,,,,,,,,,,,,,,,,,,,,,,,,,,,,,,,,,,,,
6,Unpolarized capacitor,C,C6 C42 C53 C63,10n,C_0805_2012Metric_Pad1.18x1.45mm_HandSolder,4,~,C0805C103K1RAC7210,,,,,,,,,,,,,,,,,,,,,,,,,,,,,,,,,,,,,,,,,,,,,,,,,,,,,,,,,,,,,,,,,,,,,,,,,,,,,,,,,,
7,Unpolarized capacitor,C,C22,33nF,C_0805_2012Metric_Pad1.18x1.45mm_HandSolder,1,~,RC0805FR-07100KL,,,,,,,,,,,,,,,,,,,,,,,,,,,,,,,,,,,,,,,,,,,,,,,,,,,,,,,,,,,,,,,,,,,,,,,,,,,,,,,,,,
8,Unpolarized capacitor,C,C17 C18,47nF,C_0805_2012Metric_Pad1.18x1.45mm_HandSolder,2,~,CL21B473KCCWPNC,,,,,,,,,,,,,,,,,,,,,,,,,,,,,,,,,,,,,,,,,,,,,,,,,,,,,,,,,,,,,,,,,,,,,,,,,,,,,,,,,,
9,Unpolarized capacitor,C,C24,68nF,C_0805_2012Metric_Pad1.18x1.45mm_HandSolder,1,~,CC0805KRX7R9BB683,,,,,,,,,,,,,,,,,,,,,,,,,,,,,,,,,,,,,,,,,,,,,,,,,,,,,,,,,,,,,,,,,,,,,,,,,,,,,,,,,,
10,Unpolarized capacitor,C,C9 C13 C15 C23 C28 C29 C30 C31 C32 C33 C34 C35 C40 C51 C61 C72 C73 C74 C75 C76 C77 C78 C79 C84 C85 C86 C87 C88 C89 C90 C91 C92 C96 C97,.1uF,C_0805_2012Metric_Pad1.18x1.45mm_HandSolder,34,~,C0805C104M5RACTU,,,,,,,,,,,,,,,,,,,,,,,,,,,,,,,,,,,,,,,,,,,,,,,,,,,,,,,,,,,,,,,,,,,,,,,,,,,,,,,,,,
11,Unpolarized capacitor,C,C16 C48 C71 C95,.22uF,C_0805_2012Metric_Pad1.18x1.45mm_HandSolder,4,~,CC0805KRX7R8BB224,,,,,,,,,,,,,,,,,,,,,,,,,,,,,,,,,,,,,,,,,,,,,,,,,,,,,,,,,,,,,,,,,,,,,,,,,,,,,,,,,,
12,Unpolarized capacitor,C,C8 C10 C39 C41 C50 C52 C60 C62,1uF,C_0805_2012Metric_Pad1.18x1.45mm_HandSolder,8,~,CC0805KKX7R7BB105,,,,,,,,,,,,,,,,,,,,,,,,,,,,,,,,,,,,,,,,,,,,,,,,,,,,,,,,,,,,,,,,,,,,,,,,,,,,,,,,,,
13,"Polarized capacitor, small US symbol",C_Polarized_Small_US,C93,1uF,C_Radial_D5.0mm_H5.0mm_P2.00mm,1,~,ESH105M100AC3AA,,,,,,,,,,,,,,,,,,,,,,,,,,,,,,,,,,,,,,,,,,,,,,,,,,,,,,,,,,,,,,,,,,,,,,,,,,,,,,,,,,
14,Unpolarized capacitor,C,C94,10uF,C_0805_2012Metric_Pad1.18x1.45mm_HandSolder,1,~,CL21A106KOFNNNE,,,,,,,,,,,,,,,,,,,,,,,,,,,,,,,,,,,,,,,,,,,,,,,,,,,,,,,,,,,,,,,,,,,,,,,,,,,,,,,,,,
15,"Polarized capacitor, US symbol",C_Polarized_US,C4 C5 C46 C47 C57 C58 C67 C68,22uF,CP_Radial_D5.0mm_P2.00mm,8,~,226CKS063M,,,,,,,,,,,,,,,,,,,,,,,,,,,,,,,,,,,,,,,,,,,,,,,,,,,,,,,,,,,,,,,,,,,,,,,,,,,,,,,,,,
16,Unpolarized capacitor,C,C27,47uF,C_1210_3225Metric_Pad1.33x2.70mm_HandSolder,1,~,CL32A476KOJNNNE,,,,,,,,,,,,,,,,,,,,,,,,,,,,,,,,,,,,,,,,,,,,,,,,,,,,,,,,,,,,,,,,,,,,,,,,,,,,,,,,,,
17,Unpolarized capacitor,C,C11,",68uF",C_1206_3216Metric_Pad1.33x1.80mm_HandSolder,1,~,C1206C684J5RECAUTO7210,,,,,,,,,,,,,,,,,,,,,,,,,,,,,,,,,,,,,,,,,,,,,,,,,,,,,,,,,,,,,,,,,,,,,,,,,,,,,,,,,,
18,"Polarized capacitor, US symbol",C_Polarized_US,C2 C3 C44 C45 C55 C56 C65 C66,100uF,CP_Radial_D10.0mm_P5.00mm,8,~,EKYB101ELL101MJ20S,,,,,,,,,,,,,,,,,,,,,,,,,,,,,,,,,,,,,,,,,,,,,,,,,,,,,,,,,,,,,,,,,,,,,,,,,,,,,,,,,,
19,Unpolarized capacitor,C,C21, 1uF 100V,C_0805_2012Metric_Pad1.18x1.45mm_HandSolder,1,~,GRJ21BC72A105KE11L,,,,,,,,,,,,,,,,,,,,,,,,,,,,,,,,,,,,,,,,,,,,,,,,,,,,,,,,,,,,,,,,,,,,,,,,,,,,,,,,,,
20,Unpolarized capacitor,C,C7 C38 C49 C59,.22uF 100V,C_0805_2012Metric_Pad1.18x1.45mm_HandSolder,4,~,CL21B224KCFSNWE,,,,,,,,,,,,,,,,,,,,,,,,,,,,,,,,,,,,,,,,,,,,,,,,,,,,,,,,,,,,,,,,,,,,,,,,,,,,,,,,,,
21,Unpolarized capacitor,C,C19,10uF 63V,C_1210_3225Metric_Pad1.33x2.70mm_HandSolder,1,~,GRM32ER71J106KA12L,,,,,,,,,,,,,,,,,,,,,,,,,,,,,,,,,,,,,,,,,,,,,,,,,,,,,,,,,,,,,,,,,,,,,,,,,,,,,,,,,,
22,Unpolarized capacitor,C,C12,1uF 100V,C_1210_3225Metric_Pad1.33x2.70mm_HandSolder,1,~,12101C105KAT4A,,,,,,,,,,,,,,,,,,,,,,,,,,,,,,,,,,,,,,,,,,,,,,,,,,,,,,,,,,,,,,,,,,,,,,,,,,,,,,,,,,
23,Unpolarized capacitor,C,C20,1uF 100V,C_0805_2012Metric_Pad1.18x1.45mm_HandSolder,1,~,GRJ21BC72A105KE11L,,,,,,,,,,,,,,,,,,,,,,,,,,,,,,,,,,,,,,,,,,,,,,,,,,,,,,,,,,,,,,,,,,,,,,,,,,,,,,,,,,
24,"300mW Zener Diode, SOT-23",BZX84Cxx,D5,12V,SOT-23,1,https://diotec.com/tl_files/diotec/files/pdf/datasheets/bzx84c2v4.pdf,BZX84C12LT1G,,,,,,,,,,,,,,,,,,,,,,,,,,,,,,,,,,,,,,,,,,,,,,,,,,,,,,,,,,,,,,,,,,,,,,,,,,,,,,,,,,
25,ESD Suppressors / TVS Diodes 48V 5kW BIDIR,5.0SMDJ48CA,D1,5.0SMDJ48CA,DIONM7959X262N,1,https://datasheet.datasheetarchive.com/originals/distributors/Datasheets_SAMA/cf7d599bfcfa0f09d11fc46aa98cc269.pdf,5.0SMDJ48CA,5.0SMDJ48CA,https://www.arrow.com/en/products/5.0smdj48ca/bourns,2.62,Bourns,5.0SMDJ48CA,652-5.0SMDJ48CA,https://www.mouser.co.uk/ProductDetail/Bourns/50SMDJ48CA?qs=YCa%2FAAYMW03C2yF24BerMw%3D%3D,,,,,,,,,,,,,,,,,,,,,,,,,,,,,,,,,,,,,,,,,,,,,,,,,,,,,,,,,,,,,,,,,,,,,,,,,,,
26,,CDBW46-G,D11 D12 D13 D14 D15 D16 D17 D18 D19 D20,CDBW46-G,CDBW46-G,10,,RB521S30T1G,,,,,,,,,,,,,,,,,,,,,,,,,,,,,,,,,,,,,,,,,,,,,,,,,,,,,,,,,,,,,,,,,,,,,,,,,,,,,,,,,,
27,"80V 0.5A Schottky Power Rectifier Diode, SOD-123",MBR0580,D2 D3 D4 D6,MBR0580,D_SOD-123,4,http://www.mccsemi.com/up_pdf/MBR0520~MBR0580(SOD123).pdf,MBR0580S1-7,,,,,,,,,,,,,,,,,,,,,,,,,,,,,,,,,,,,,,,,,,,,,,,,,,,,,,,,,,,,,,,,,,,,,,,,,,,,,,,,,,
28,,RB521S30T1G,D7 D8 D9 D10,RB521S30T1G,RB521S30T1G,4,,RB521S30T1G,,,,,,,,,,,,,,,,,,,,,,,,,,,,,,,,,,,,,,,,,,,,,,,,,,,,,,,,,,,,,,,,,,,,,,,,,,,,,,,,,,
29,39-30-0060,39-30-0060_1,J2,39-30-0060,Molex-39-30-0060-*,1,https://www.molex.com/webdocs/datasheets/pdf/en-us/0039300060_PCB_HEADERS.pdf,39-30-0060,,,,,,,,No,Conn,Tin,13A,Connectors,Headers and Wire Housings,unset,CONN HEADER R/A 6POS 4.2MM,WM21353-ND,https://www.molex.com/pdm_docs/sd/039300060_sd.pdf,10.38mm,yes,no,yes,Yes,4825835b80214558,Molex,Headers & Wire Housings 6 CKT R/A HEADER,538-39-30-0060,6,2,HDR6,4.2mm,Yes,0.4mm,+105°C,-40°C,600V,,,,,,,,,,,,,,,,,,,,,,,,,,,,,,,,,,,,,,,,,,,,,,,
30,43045-0402,43045-0402,J1 J7 J8 J9,43045-0402,Molex-43045-0402-MFG,4,https://www.molex.com/webdocs/datasheets/pdf/en-us/0430450402_PCB_HEADERS.pdf,43045-0402,,,,,,,,No,Conn,Gold,8.5A,Connectors,Headers and Wire Housings,unset,CONN HEADER R/A 4POS 3MM,WM1820-ND,https://www.molex.com/pdm_docs/sd/430450402_sd.pdf,9.27mm,yes,no,yes,Yes,7516097cc790e3f0,Molex,Headers & Wire Housings 4 CKT R/A HEADER,538-43045-0402,4,2,HDR4,3mm,Yes,,+105°C,-40°C,600V,,,,,,,,,,,,,,,,,,,,,,,,,,,,,,,,,,,,,,,,,,,,,,,
31,"Generic connector, double row, 02x03, odd/even pin numbering scheme (row 1 odd numbers, row 2 even numbers), script generated (kicad-library-utils/schlib/autogen/connector/)",Conn_02x03_Odd_Even,J4,Conn_02x03_Odd_Even,PinHeader_2x03_P2.54mm_Vertical,1,~,M20-9980346,,,,,,,,,,,,,,,,,,,,,,,,,,,,,,,,,,,,,,,,,,,,,,,,,,,,,,,,,,,,,,,,,,,,,,,,,,,,,,,,,,
32,"Generic connector, double row, 02x08, odd/even pin numbering scheme (row 1 odd numbers, row 2 even numbers), script generated (kicad-library-utils/schlib/autogen/connector/)",Conn_02x08_Odd_Even,J6,Conn_02x08_Odd_Even,PinHeader_2x08_P2.54mm_Vertical,1,~,M20-9980846,,,,,,,,,,,,,,,,,,,,,,,,,,,,,,,,,,,,,,,,,,,,,,,,,,,,,,,,,,,,,,,,,,,,,,,,,,,,,,,,,,
33,"Generic connector, single row, 01x02, script generated (kicad-library-utils/schlib/autogen/connector/)",Conn_01x02,J3,ENABLE,PinHeader_1x02_P2.54mm_Vertical,1,~,M20-9990246,,,,,,,,,,,,,,,,,,,,,,,,,,,,,,,,,,,,,,,,,,,,,,,,,,,,,,,,,,,,,,,,,,,,,,,,,,,,,,,,,,
34,"Generic connector, single row, 01x04, script generated (kicad-library-utils/schlib/autogen/connector/)",Conn_01x04,J13 J14,LCD,PinHeader_1x04_P2.54mm_Vertical,2,~,M20-9990446,,,,,,,,,,,,,,,,,,,,,,,,,,,,,,,,,,,,,,,,,,,,,,,,,,,,,,,,,,,,,,,,,,,,,,,,,,,,,,,,,,
35,"Generic connector, double row, 02x20, odd/even pin numbering scheme (row 1 odd numbers, row 2 even numbers), script generated (kicad-library-utils/schlib/autogen/connector/)",Conn_02x20_Odd_Even,J10,RPI,PinHeader_2x20_P2.54mm_Vertical,1,~,68602-440HLF,,,,,,,,,,,,,,,,,,,,,,,,,,,,,,,,,,,,,,,,,,,,,,,,,,,,,,,,,,,,,,,,,,,,,,,,,,,,,,,,,,
36,"Generic connector, single row, 01x03, script generated (kicad-library-utils/schlib/autogen/connector/)",Conn_01x03,J11 J12,SERIAL,PinHeader_1x03_P2.54mm_Vertical,2,~,Do Not Populate,,,,,,,,,,,,,,,,,,,,,,,,,,,,,,,,,,,,,,,,,,,,,,,,,,,,,,,,,,,,,,,,,,,,,,,,,,,,,,,,,,
37,,NRS5040T3R3NMGJ,L1,3.3uH,NRS5040T3R3NMGJ,1,https://datasheet.datasheetarchive.com/originals/distributors/DKDS42/DSANUWW0054077.pdf,NRS5040T3R3NMGJ,NRS5040T3R3NMGJ,https://www.arrow.com/en/products/nrs5040t3r3nmgj/taiyo-yuden,4.1,TAIYO YUDEN,NRS5040T3R3NMGJ,963-NRS5040T3R3NMGJ,https://www.mouser.co.uk/ProductDetail/Taiyo-Yuden/NRS5040T3R3NMGJ?qs=vF%252B8ahGVilcUO7JepOFelg%3D%3D,,,,,,,,,,,,,,,,,,,,,,,,,,,,,,,,,,,,,,,,,,,,,,,,,,,,,,,,,,,,,,,,,,,,,,,,,,,
38,Coupled inductor,L_Coupled_1243,L2,L_Coupled_1243,SRF2012-121YA,1,~,SRF2012A-121YA,,,,,,,,,,,,,,,,,,,,,,,,,,,,,,,,,,,,,,,,,,,,,,,,,,,,,,,,,,,,,,,,,,,,,,,,,,,,,,,,,,
39,"0.38A Id, 60V Vds, N-Channel MOSFET, SOT-23",2N7002K,Q7 Q9 Q23 Q24,2N7002K,SOT-23,4,https://www.diodes.com/assets/Datasheets/ds30896.pdf,2N7002K,,,,,,,,,,,,,,,,,,,,,,,,,,,,,,,,,,,,,,,,,,,,,,,,,,,,,,,,,,,,,,,,,,,,,,,,,,,,,,,,,,
40,"BSC040N08NS5ATMA1 N-Channel MOSFET, 100 A, 80 V BSC040N08NS5, 8-Pin TDSON Infineon",BSC040N08NS5ATMA1,Q5 Q6,BSC040N08NS5ATMA1,INFINEON_PG-TDSON-8-5,2,https://www.infineon.com/dgdl/Infineon-BSC040N08NS5-DS-v02_00-EN.pdf?fileId=5546d4624ad04ef9014ae3065a7e2a05,BSC040N08NS5ATMA1,BSC040N08NS5ATMA1,https://www.arrow.com/en/products/bsc040n08ns5atma1/infineon-technologies-ag,,Infineon,BSC040N08NS5ATMA1,726-BSC040N08NS5ATMA,https://www.mouser.co.uk/ProductDetail/Infineon-Technologies/BSC040N08NS5ATMA1?qs=3Bi3m9r5MQYg6gX6tNC4kQ%3D%3D,,,,,,,,,,,,,,,,,,,,,,,,,,,,,,,,,,,,,,,,,,,,,,,,,,,,,,,,,,,,,,,,,,,,,,,,,,,
41,,FDC5614P,Q10,FDC5614P,FDC5614P,1,https://www.farnell.com/datasheets/2304101.pdf,FDC5614P,,,,,,,,,,,,,,,,,,,,,,,,,,,,,,,,,,,,,,,,,,,,,,,,,,,,,,,,,,,,,,,,,,,,,,,,,,,,,,,,,,
42,,NTD5867NLT4G,Q8,NTD5867NLT4G,On_Semiconductor-NTD5867NLT4G-Manufacturer_Recommended,1,http://www.onsemi.com/pub/Collateral/NTD5867NL-D.PDF,NTD5867NLT4G,,,,,,,,,Trans,,,,,,,,,,,,,,412ea6bf168d1bc1,On Semiconductor,,,,,DPAK-3-369AA-01,,No,,,,,N Channel,675,Manufacturer URL,http://www.onsemi.com/,Package Specification,http://www.onsemi.cn/pub_link/Collateral/369AA.PDF,Single,68,47,Rev. 2,Surface Mount,36,"3-Pin Flange Mount, Body 6.54 x 6.095 mm, Pitch 2.29 mm","DPAK-3, IPAK-4","Rev. B, 06/2010",Tape and Reel,12,60,2.5,2570172,yes,1407149587,82276418-1D90-403A-B020-11A36D4E3DC7,,,,,,,,,,,,,,,,,,,,,,,,
43,NVMFD5C672NLT1G,NVMFD5C672NLT1G,Q1 Q2 Q3 Q4 Q11 Q12 Q13 Q14 Q15 Q16 Q17 Q18 Q19 Q20 Q21 Q22,NVMFD5C672NLT1G,ON_Semiconductor-506BT-02_2013-E-MFG,16,https://www.onsemi.com/pub/Collateral/NVMFD5C672NL-D.PDF,NVMFD5C672NLT1G,,,,,,,,Yes,Trans,,,Discrete Semiconductors,Transistors,MOSFETs,MOSFET 2N-CH 60V 49A S08FL,NVMFD5C672NLT1GOSCT-ND,https://www.onsemi.com/pub/Collateral/506BT.PDF,1.1mm,,,,Yes,b75140b984a3b3a1,ON Semiconductor,"Dual N-Channel Power MOSFET 60V, 49A, 11.9mO",863-NVMFD5C672NLT1G,,,DFN8_5X6,,Yes,,+175°C,-55°C,,,,,,,,,,,,,,,,,,,,,,,,,Grade 0,11A,False,60V,13.4mΩ,60V,12.3nC @ 10V,20V,793pF @ 25V,1.2V,+175°C,2,2,3.1W,161A,13nC,26ns,47.51°C/W,2.2V,1.2V,27.5S,22ns,11ns,0.9V
44,"Resistor, US symbol",R_US,R83,0,R_0805_2012Metric_Pad1.20x1.40mm_HandSolder,1,~,RC0805JR-070RL,,,,,,,,,,,,,,,,,,,,,,,,,,,,,,,,,,,,,,,,,,,,,,,,,,,,,,,,,,,,,,,,,,,,,,,,,,,,,,,,,,
45,"Resistor, US symbol",R_US,R13,.002,R_2512_6332Metric_Pad1.40x3.35mm_HandSolder,1,~,PCS2512FR0020ET,,,,,,,,,,,,,,,,,,,,,,,,,,,,,,,,,,,,,,,,,,,,,,,,,,,,,,,,,,,,,,,,,,,,,,,,,,,,,,,,,,
46,"Resistor, US symbol",R_US,R3 R5 R44 R46 R52 R54 R60 R62,.05,R_2512_6332Metric_Pad1.40x3.35mm_HandSolder,8,~,CSR2512C0R05F,,,,,,,,,,,,,,,,,,,,,,,,,,,,,,,,,,,,,,,,,,,,,,,,,,,,,,,,,,,,,,,,,,,,,,,,,,,,,,,,,,
47,"Resistor, US symbol",R_US,R25,5.1,R_Axial_Power_L25.0mm_W9.0mm_P30.48mm,1,~,SQP500JB-5R1,,,,,,,,,,,,,,,,,,,,,,,,,,,,,,,,,,,,,,,,,,,,,,,,,,,,,,,,,,,,,,,,,,,,,,,,,,,,,,,,,,
48,"Resistor, US symbol",R_US,R77 R78,10,R_0805_2012Metric_Pad1.20x1.40mm_HandSolder,2,~,RC0805FR-0710RL,,,,,,,,,,,,,,,,,,,,,,,,,,,,,,,,,,,,,,,,,,,,,,,,,,,,,,,,,,,,,,,,,,,,,,,,,,,,,,,,,,
49,"Resistor, US symbol",R_US,R1 R2 R4 R6 R45 R47 R48 R49 R53 R55 R56 R57 R61 R63 R64 R65,75,R_0805_2012Metric_Pad1.20x1.40mm_HandSolder,16,~,RMCF0805JT75R0,,,,,,,,,,,,,,,,,,,,,,,,,,,,,,,,,,,,,,,,,,,,,,,,,,,,,,,,,,,,,,,,,,,,,,,,,,,,,,,,,,
50,"Resistor, US symbol",R_US,R12,100,R_0805_2012Metric_Pad1.20x1.40mm_HandSolder,1,~,RC0805FR-7W100RL,,,,,,,,,,,,,,,,,,,,,,,,,,,,,,,,,,,,,,,,,,,,,,,,,,,,,,,,,,,,,,,,,,,,,,,,,,,,,,,,,,
51,"Resistor, US symbol",R_US,R75,130,R_0805_2012Metric_Pad1.20x1.40mm_HandSolder,1,~,RC0805JR-07130RL,,,,,,,,,,,,,,,,,,,,,,,,,,,,,,,,,,,,,,,,,,,,,,,,,,,,,,,,,,,,,,,,,,,,,,,,,,,,,,,,,,
52,"Resistor, US symbol",R_US,R8 R22 R39 R43 R51 R59 R66 R67 R69 R70 R71 R72,180,R_0805_2012Metric_Pad1.20x1.40mm_HandSolder,12,~,RMCF0805JT180R,,,,,,,,,,,,,,,,,,,,,,,,,,,,,,,,,,,,,,,,,,,,,,,,,,,,,,,,,,,,,,,,,,,,,,,,,,,,,,,,,,
53,"Resistor, US symbol",R_US,R30,402,R_0805_2012Metric_Pad1.20x1.40mm_HandSolder,1,~,RC0805FR-07402RL,,,,,,,,,,,,,,,,,,,,,,,,,,,,,,,,,,,,,,,,,,,,,,,,,,,,,,,,,,,,,,,,,,,,,,,,,,,,,,,,,,
54,"Resistor, US symbol",R_US,R35 R36,422,R_0805_2012Metric_Pad1.20x1.40mm_HandSolder,2,~,RC0805FR-07422RL,,,,,,,,,,,,,,,,,,,,,,,,,,,,,,,,,,,,,,,,,,,,,,,,,,,,,,,,,,,,,,,,,,,,,,,,,,,,,,,,,,
55,"Resistor, US symbol",R_US,R74 R76,750,R_0805_2012Metric_Pad1.20x1.40mm_HandSolder,2,~,RMCF0805JT750,,,,,,,,,,,,,,,,,,,,,,,,,,,,,,,,,,,,,,,,,,,,,,,,,,,,,,,,,,,,,,,,,,,,,,,,,,,,,,,,,,
56,"Resistor, US symbol",R_US,R81,1k,R_0805_2012Metric_Pad1.20x1.40mm_HandSolder,1,~,RC0805FR-071KL,,,,,,,,,,,,,,,,,,,,,,,,,,,,,,,,,,,,,,,,,,,,,,,,,,,,,,,,,,,,,,,,,,,,,,,,,,,,,,,,,,
57,"Resistor, US symbol",R_US,R31,2k,R_0805_2012Metric_Pad1.20x1.40mm_HandSolder,1,~,RT0805FRE072KL,,,,,,,,,,,,,,,,,,,,,,,,,,,,,,,,,,,,,,,,,,,,,,,,,,,,,,,,,,,,,,,,,,,,,,,,,,,,,,,,,,
58,"Resistor, US symbol",R_US,R82,2.1k,R_0805_2012Metric_Pad1.20x1.40mm_HandSolder,1,~,RC0805FR-072K1L,,,,,,,,,,,,,,,,,,,,,,,,,,,,,,,,,,,,,,,,,,,,,,,,,,,,,,,,,,,,,,,,,,,,,,,,,,,,,,,,,,
59,"Resistor, US symbol",R_US,R7 R38 R42 R50 R58 R68 R73,2.4k,R_0805_2012Metric_Pad1.20x1.40mm_HandSolder,7,~,RC0805JR-072K4L,,,,,,,,,,,,,,,,,,,,,,,,,,,,,,,,,,,,,,,,,,,,,,,,,,,,,,,,,,,,,,,,,,,,,,,,,,,,,,,,,,
60,"Resistor, US symbol",R_US,R11 R16,2.49k,R_0805_2012Metric_Pad1.20x1.40mm_HandSolder,2,~,RT0805DRE072K49L,,,,,,,,,,,,,,,,,,,,,,,,,,,,,,,,,,,,,,,,,,,,,,,,,,,,,,,,,,,,,,,,,,,,,,,,,,,,,,,,,,
61,"Resistor, US symbol",R_US,R10 R15,4.53k,R_0805_2012Metric_Pad1.20x1.40mm_HandSolder,2,~,RT0805DRE074K53L,,,,,,,,,,,,,,,,,,,,,,,,,,,,,,,,,,,,,,,,,,,,,,,,,,,,,,,,,,,,,,,,,,,,,,,,,,,,,,,,,,
62,"Resistor, US symbol",R_US,R19,4.99k,R_0805_2012Metric_Pad1.20x1.40mm_HandSolder,1,~,RC0805FR-074K99L,,,,,,,,,,,,,,,,,,,,,,,,,,,,,,,,,,,,,,,,,,,,,,,,,,,,,,,,,,,,,,,,,,,,,,,,,,,,,,,,,,
63,"Resistor, US symbol",R_US,R29,8.06k,R_0805_2012Metric_Pad1.20x1.40mm_HandSolder,1,~,RC0805FR-078K06L,,,,,,,,,,,,,,,,,,,,,,,,,,,,,,,,,,,,,,,,,,,,,,,,,,,,,,,,,,,,,,,,,,,,,,,,,,,,,,,,,,
64,"Resistor, US symbol",R_US,R18 R20 R21 R23 R37 R40 R41 R84 R85 R86 R87,10k,R_0805_2012Metric_Pad1.20x1.40mm_HandSolder,11,~,RC0805FR-0710KL,,,,,,,,,,,,,,,,,,,,,,,,,,,,,,,,,,,,,,,,,,,,,,,,,,,,,,,,,,,,,,,,,,,,,,,,,,,,,,,,,,
65,"Resistor, US symbol",R_US,R27,16.2K,R_0805_2012Metric_Pad1.20x1.40mm_HandSolder,1,~,RT0805FRE0716K2L,,,,,,,,,,,,,,,,,,,,,,,,,,,,,,,,,,,,,,,,,,,,,,,,,,,,,,,,,,,,,,,,,,,,,,,,,,,,,,,,,,
66,"Resistor, US symbol",R_US,R34,20k,R_0805_2012Metric_Pad1.20x1.40mm_HandSolder,1,~,RC0805FR-0720KL,,,,,,,,,,,,,,,,,,,,,,,,,,,,,,,,,,,,,,,,,,,,,,,,,,,,,,,,,,,,,,,,,,,,,,,,,,,,,,,,,,
67,"Resistor, US symbol",R_US,R17,24.9k,R_0805_2012Metric_Pad1.20x1.40mm_HandSolder,1,~,RC0805FR-0724K9L,,,,,,,,,,,,,,,,,,,,,,,,,,,,,,,,,,,,,,,,,,,,,,,,,,,,,,,,,,,,,,,,,,,,,,,,,,,,,,,,,,
68,"Resistor, US symbol",R_US,R24,37.4k,R_0805_2012Metric_Pad1.20x1.40mm_HandSolder,1,~,RC0805FR-0737K4L,,,,,,,,,,,,,,,,,,,,,,,,,,,,,,,,,,,,,,,,,,,,,,,,,,,,,,,,,,,,,,,,,,,,,,,,,,,,,,,,,,
69,"Resistor, US symbol",R_US,R33,47k,R_0805_2012Metric_Pad1.20x1.40mm_HandSolder,1,~,RC0805FR-0747KL,,,,,,,,,,,,,,,,,,,,,,,,,,,,,,,,,,,,,,,,,,,,,,,,,,,,,,,,,,,,,,,,,,,,,,,,,,,,,,,,,,
70,"Resistor, US symbol",R_US,R26,49.9k,R_0805_2012Metric_Pad1.20x1.40mm_HandSolder,1,~,RT0805FRE0749K9L,,,,,,,,,,,,,,,,,,,,,,,,,,,,,,,,,,,,,,,,,,,,,,,,,,,,,,,,,,,,,,,,,,,,,,,,,,,,,,,,,,
71,"Resistor, US symbol",R_US,R9 R14 R32 R79 R80,100k,R_0805_2012Metric_Pad1.20x1.40mm_HandSolder,5,~,RT0805DRE07100KL RC0805FR-07100KL,,,,,,,,,,,,,,,,,,,,,,,,,,,,,,,,,,,,,,,,,,,,,,,,,,,,,,,,,,,,,,,,,,,,,,,,,,,,,,,,,,
72,"Resistor, US symbol",R_US,R28,402k,R_0805_2012Metric_Pad1.20x1.40mm_HandSolder,1,~,RC0805FR-07402KL,,,,,,,,,,,,,,,,,,,,,,,,,,,,,,,,,,,,,,,,,,,,,,,,,,,,,,,,,,,,,,,,,,,,,,,,,,,,,,,,,,
73,"20MHz, 16kB Flash, 2kB SRAM, 256B EEPROM, SOIC-20",ATtiny1616-S,U2,ATtiny1616-S,SOIC-20W_7.5x12.8mm_P1.27mm,1,http://ww1.microchip.com/downloads/en/DeviceDoc/ATtiny3216_ATtiny1616-data-sheet-40001997B.pdf,ATtiny1616-S,,,,,,,,,,,,,,,,,,,,,,,,,,,,,,,,,,,,,,,,,,,,,,,,,,,,,,,,,,,,,,,,,,,,,,,,,,,,,,,,,,
74,"32MHz, 192kB Flash, 8kB Boot, 16kB SRAM, 2kB EEPROM, JTAG, USB, TQFP-64",ATxmega192A3U-A,U3,ATxmega192A3U-A,TQFP-64_14x14mm_P0.8mm,1,http://ww1.microchip.com/downloads/en/DeviceDoc/Atmel-8386-8-and-16-bit-AVR-Microcontroller-ATxmega64A3U-128A3U-192A3U-256A3U_datasheet.pdf,ATxmega192A3U-A,,,,,,,,,,,,,,,,,,,,,,,,,,,,,,,,,,,,,,,,,,,,,,,,,,,,,,,,,,,,,,,,,,,,,,,,,,,,,,,,,,
75,,AZ1117IH-3.3TRG1,U7,AZ1117IH-3.3TRG1,SOT230P700X180-4N,1,http://www.mouser.com/ds/2/115/AZ1117-776390.pdf,AZ1117IH-3.3TRG1,AZ1117IH-3.3TRG1,https://www.arrow.com/en/products/az1117ih-3.3trg1/diodes-incorporated?region=nac,1.8,Diodes Inc.,AZ1117IH-3.3TRG1,621-AZ1117IH-3.3TRG1,https://www.mouser.co.uk/ProductDetail/Diodes-Incorporated/AZ1117IH-3.3TRG1?qs=cpo3%2FpBou2jnS4SxLgAVoA%3D%3D,,,,,,,,,,,,,,,,,,,,,,,,,,,,,,,,,,,,,,,,,,,,,,,,,,,,,,,,,,,,,,,,,,,,,,,,,,,
76,,DRV8711DCP,U1 U9 U11 U12,DRV8711DCP,DRV8711DCP,4,https://www.ti.com/lit/ds/symlink/drv8711.pdf?ts=1663896064340&ref_url=https%253A%252F%252Fwww.google.com%252F,DRV8711DCP,,,,,,,,,,,,,,,,,,,,,,,,,,,,,,,,,,,,,,,,,,,,,,,,,,,,,,,,,,,,,,,,,,,,,,,,,,,,,,,,,,
77,,ISL83485IBZ,U16,ISL83485IBZ,ISL83485IBZ,1,https://datasheet.octopart.com/ISL83485IBZ-Renesas-datasheet-130008839.pdf,ISL83485IBZ,,,,,,,,,,,,,,,,,,,,,,,,,,,,,,,,,,,,,,,,,,,,,,,,,,,,,,,,,,,,,,,,,,,,,,,,,,,,,,,,,,
78,,L7987,U6,L7987,L7987,1,https://www.mouser.com/datasheet/2/389/l7987-1849352.pdf,L7987,,,,,,,,,,,,,,,,,,,,,,,,,,,,,,,,,,,,,,,,,,,,,,,,,,,,,,,,,,,,,,,,,,,,,,,,,,,,,,,,,,
79,"Low-Power, Dual Operational Amplifiers, DIP-8/SOIC-8/TO-99-8",LM358,U29,LM358,SOIC-8_3.9x4.9mm_P1.27mm,1,http://www.ti.com/lit/ds/symlink/lm2904-n.pdf,LM358,,,,,,,,,,,,,,,,,,,,,,,,,,,,,,,,,,,,,,,,,,,,,,,,,,,,,,,,,,,,,,,,,,,,,,,,,,,,,,,,,,
80,,LM74800QDRRRQ1,U8,LM74800QDRRRQ1,LM74800QDRRRQ1,1,https://www.ti.com/lit/ds/symlink/lm7480-q1.pdf?ts=1664756023309&ref_url=https%253A%252F%252Fwww.ti.com%252Fproduct%252FLM7480-Q1,LM74800QDRRRQ1,,,,,,,,,,,,,,,,,,,,,,,,,,,,,,,,,,,,,,,,,,,,,,,,,,,,,,,,,,,,,,,,,,,,,,,,,,,,,,,,,,
81,,SN74AHC1G125DBVR,U5 U10 U13 U14 U15 U17 U18 U19 U20 U21 U22 U23 U24 U26 U28,SN74AHC1G125DBVR,SN74AHC1G125DBVR,15,,SN74AHC1G125DBVR,,,,,,,,,,,,,,,,,,,,,,,,,,,,,,,,,,,,,,,,,,,,,,,,,,,,,,,,,,,,,,,,,,,,,,,,,,,,,,,,,,
82,,TSC2012IDT,U4,TSC2012IDT,TSC2012IDT,1,https://datasheet.octopart.com/TSC2012IDT-STMicroelectronics-datasheet-153441504.pdf,TSC2012IDT,,,,,,,,,,,,,,,,,,,,,,,,,,,,,,,,,,,,,,,,,,,,,,,,,,,,,,,,,,,,,,,,,,,,,,,,,,,,,,,,,,
83,,ZXTR2012Z-7,U27,ZXTR2012Z-7,ZXTR2012Z7,1,https://componentsearchengine.com/Datasheets/1/ZXTR2012Z-7.pdf,ZXTR2012Z,ZXTR2012Z-7,https://www.arrow.com/en/products/zxtr2012z-7/diodes-incorporated,1.6,Diodes Inc.,ZXTR2012Z-7,621-ZXTR2012Z-7,https://www.mouser.co.uk/ProductDetail/Diodes-Incorporated/ZXTR2012Z-7?qs=dOK1vf2izjuFgoL6ysl9aQ%3D%3D,,,,,,,,,,,,,,,,,,,,,,,,,,,,,,,,,,,,,,,,,,,,,,,,,,,,,,,,,,,,,,,,,,,,,,,,,,,
84,,ABLS-16.000MHZ-B4-T,X1,ABLS-16.000MHZ-B4-T,ABLS-16.000MHZ-B4-T,1,,ABLS-16.000MHZ-B4-T,,,,,,,,,,,,,,,,,,,,,,,,,,,,,,,,,,,,,,,,,,,,,,,,,,,,,,,,,,,,,,,,,,,,,,,,,,,,,,,,,,
85,,DDZ6V2BQ-7,Z1 Z2,DDZ6V2BQ-7,SOD3716X145N,2,https://www.diodes.com/assets/Datasheets/Ds30407.pdf,DDZ6V2BQ-7,DDZ6V2BQ-7,https://www.arrow.com/en/products/ddz6v2bq-7/diodes-incorporated,1.45,Diodes Inc.,DDZ6V2BQ-7,621-DDZ6V2BQ-7,https://www.mouser.co.uk/ProductDetail/Diodes-Incorporated/DDZ6V2BQ-7?qs=60RJRzIpcl83XhfweCLn6g%3D%3D,,,,,,,,,,,,,,,,,,,,,,,,,,,,,,,,,,,,,,,,,,,,,,,,,,,,,,,,,,,,,,,,,,,,,,,,,,,





Component Groups:,85
Component Count:,273
Fitted Components:,273
Number of PCBs:,1
Total components:,273
Schematic Version:,
Schematic Date:,2022-10-26
PCB Variant:,default
BoM Date:,Sat 12 Nov 2022 10:55:27 AM PST
Schematic Source:,BuildboticsController.kicad_sch
KiCad Version:,Eeschema 6.0.6+dfsg-1~bpo11+1
